[
  {
    "model": "auth.permission",
    "pk": 1,
    "fields": {
      "name": "Can add log entry",
      "content_type": 1,
      "codename": "add_logentry"
    }
  },
  {
    "model": "auth.permission",
    "pk": 2,
    "fields": {
      "name": "Can change log entry",
      "content_type": 1,
      "codename": "change_logentry"
    }
  },
  {
    "model": "auth.permission",
    "pk": 3,
    "fields": {
      "name": "Can delete log entry",
      "content_type": 1,
      "codename": "delete_logentry"
    }
  },
  {
    "model": "auth.permission",
    "pk": 4,
    "fields": {
      "name": "Can view log entry",
      "content_type": 1,
      "codename": "view_logentry"
    }
  },
  {
    "model": "auth.permission",
    "pk": 5,
    "fields": {
      "name": "Can add permission",
      "content_type": 2,
      "codename": "add_permission"
    }
  },
  {
    "model": "auth.permission",
    "pk": 6,
    "fields": {
      "name": "Can change permission",
      "content_type": 2,
      "codename": "change_permission"
    }
  },
  {
    "model": "auth.permission",
    "pk": 7,
    "fields": {
      "name": "Can delete permission",
      "content_type": 2,
      "codename": "delete_permission"
    }
  },
  {
    "model": "auth.permission",
    "pk": 8,
    "fields": {
      "name": "Can view permission",
      "content_type": 2,
      "codename": "view_permission"
    }
  },
  {
    "model": "auth.permission",
    "pk": 9,
    "fields": {
      "name": "Can add group",
      "content_type": 3,
      "codename": "add_group"
    }
  },
  {
    "model": "auth.permission",
    "pk": 10,
    "fields": {
      "name": "Can change group",
      "content_type": 3,
      "codename": "change_group"
    }
  },
  {
    "model": "auth.permission",
    "pk": 11,
    "fields": {
      "name": "Can delete group",
      "content_type": 3,
      "codename": "delete_group"
    }
  },
  {
    "model": "auth.permission",
    "pk": 12,
    "fields": {
      "name": "Can view group",
      "content_type": 3,
      "codename": "view_group"
    }
  },
  {
    "model": "auth.permission",
    "pk": 13,
    "fields": {
      "name": "Can add user",
      "content_type": 4,
      "codename": "add_user"
    }
  },
  {
    "model": "auth.permission",
    "pk": 14,
    "fields": {
      "name": "Can change user",
      "content_type": 4,
      "codename": "change_user"
    }
  },
  {
    "model": "auth.permission",
    "pk": 15,
    "fields": {
      "name": "Can delete user",
      "content_type": 4,
      "codename": "delete_user"
    }
  },
  {
    "model": "auth.permission",
    "pk": 16,
    "fields": {
      "name": "Can view user",
      "content_type": 4,
      "codename": "view_user"
    }
  },
  {
    "model": "auth.permission",
    "pk": 17,
    "fields": {
      "name": "Can add content type",
      "content_type": 5,
      "codename": "add_contenttype"
    }
  },
  {
    "model": "auth.permission",
    "pk": 18,
    "fields": {
      "name": "Can change content type",
      "content_type": 5,
      "codename": "change_contenttype"
    }
  },
  {
    "model": "auth.permission",
    "pk": 19,
    "fields": {
      "name": "Can delete content type",
      "content_type": 5,
      "codename": "delete_contenttype"
    }
  },
  {
    "model": "auth.permission",
    "pk": 20,
    "fields": {
      "name": "Can view content type",
      "content_type": 5,
      "codename": "view_contenttype"
    }
  },
  {
    "model": "auth.permission",
    "pk": 21,
    "fields": {
      "name": "Can add session",
      "content_type": 6,
      "codename": "add_session"
    }
  },
  {
    "model": "auth.permission",
    "pk": 22,
    "fields": {
      "name": "Can change session",
      "content_type": 6,
      "codename": "change_session"
    }
  },
  {
    "model": "auth.permission",
    "pk": 23,
    "fields": {
      "name": "Can delete session",
      "content_type": 6,
      "codename": "delete_session"
    }
  },
  {
    "model": "auth.permission",
    "pk": 24,
    "fields": {
      "name": "Can view session",
      "content_type": 6,
      "codename": "view_session"
    }
  },
  {
    "model": "auth.permission",
    "pk": 25,
    "fields": {
      "name": "Can add list item",
      "content_type": 7,
      "codename": "add_listitem"
    }
  },
  {
    "model": "auth.permission",
    "pk": 26,
    "fields": {
      "name": "Can change list item",
      "content_type": 7,
      "codename": "change_listitem"
    }
  },
  {
    "model": "auth.permission",
    "pk": 27,
    "fields": {
      "name": "Can delete list item",
      "content_type": 7,
      "codename": "delete_listitem"
    }
  },
  {
    "model": "auth.permission",
    "pk": 28,
    "fields": {
      "name": "Can view list item",
      "content_type": 7,
      "codename": "view_listitem"
    }
  },
  {
    "model": "auth.permission",
    "pk": 29,
    "fields": {
      "name": "Can add list",
      "content_type": 8,
      "codename": "add_list"
    }
  },
  {
    "model": "auth.permission",
    "pk": 30,
    "fields": {
      "name": "Can change list",
      "content_type": 8,
      "codename": "change_list"
    }
  },
  {
    "model": "auth.permission",
    "pk": 31,
    "fields": {
      "name": "Can delete list",
      "content_type": 8,
      "codename": "delete_list"
    }
  },
  {
    "model": "auth.permission",
    "pk": 32,
    "fields": {
      "name": "Can view list",
      "content_type": 8,
      "codename": "view_list"
    }
  },
  {
    "model": "auth.user",
    "pk": 1,
    "fields": {
      "password": "pbkdf2_sha256$600000$XJTOryRQZTeQG8OKuBAIJZ$cAhsL2kQEamUVxhn4QWA8+Rp+z7EHWOR5reYFKoY6CQ=",
      "last_login": "2023-11-15T14:40:09.770Z",
      "is_superuser": true,
      "username": "adm1",
      "first_name": "",
      "last_name": "",
      "email": "adm1@adm1.com",
      "is_staff": true,
      "is_active": true,
      "date_joined": "2023-11-08T16:40:58.432Z",
      "groups": [],
      "user_permissions": []
    }
  },
  {
    "model": "auth.user",
    "pk": 2,
    "fields": {
      "password": "pbkdf2_sha256$600000$LQYVOagm9Qpp6ZnZKthoaQ$qmND2jNpy0Vszh6Fz0L9O0D57qlCevzvZ2V9jcP0cw0=",
      "last_login": "2023-11-08T16:42:02.433Z",
      "is_superuser": false,
      "username": "vlad",
      "first_name": "",
      "last_name": "",
      "email": "",
      "is_staff": false,
      "is_active": true,
      "date_joined": "2023-11-08T16:42:02.103Z",
      "groups": [],
      "user_permissions": []
    }
  },
  {
    "model": "auth.user",
    "pk": 3,
    "fields": {
      "password": "pbkdf2_sha256$600000$6orqCsi6rAMOOfNHVMDgGR$qYs3Ge7zvdgSjRcv3c2ivEQzRSZD7Hn/M0tWcScwSxU=",
      "last_login": "2023-11-08T16:43:57.631Z",
      "is_superuser": false,
      "username": "vlad1",
      "first_name": "",
      "last_name": "",
      "email": "",
      "is_staff": false,
      "is_active": true,
      "date_joined": "2023-11-08T16:43:57.303Z",
      "groups": [],
      "user_permissions": []
    }
  },
  {
    "model": "auth.user",
    "pk": 4,
    "fields": {
      "password": "pbkdf2_sha256$600000$e80LFoQCzLysHNtnEkROCr$rjP3BGVh/8x7+lQsNNnzTnRj0hfvMlIcLWB9Ov4Dqzg=",
      "last_login": "2023-11-08T16:44:43.697Z",
      "is_superuser": false,
      "username": "vlad6",
      "first_name": "",
      "last_name": "",
      "email": "",
      "is_staff": false,
      "is_active": true,
      "date_joined": "2023-11-08T16:44:43.396Z",
      "groups": [],
      "user_permissions": []
    }
  },
  {
    "model": "auth.user",
    "pk": 37,
    "fields": {
      "password": "pbkdf2_sha256$600000$tnG8Sp2RRiHszxWoqkB53g$D8tzYi8Ibpu9voW1RVyuZOdf9kNrLIkoiBIjARGTag8=",
      "last_login": "2023-11-08T16:45:32.911Z",
      "is_superuser": false,
      "username": "aerf",
      "first_name": "",
      "last_name": "",
      "email": "",
      "is_staff": false,
      "is_active": true,
      "date_joined": "2023-11-08T16:45:32.608Z",
      "groups": [],
      "user_permissions": []
    }
  },
  {
    "model": "auth.user",
    "pk": 38,
    "fields": {
      "password": "pbkdf2_sha256$600000$mn00PWrkZTahTA00Ika35p$1Pladum2jXx2mcMJ6CapcLfoQ58DjQkph2jg5qKTT84=",
      "last_login": "2023-11-08T16:55:25.522Z",
      "is_superuser": false,
      "username": "vlad100",
      "first_name": "",
      "last_name": "",
      "email": "",
      "is_staff": false,
      "is_active": true,
      "date_joined": "2023-11-08T16:55:25.160Z",
      "groups": [],
      "user_permissions": []
    }
  },
  {
    "model": "auth.user",
    "pk": 39,
    "fields": {
      "password": "pbkdf2_sha256$600000$ozci4KbW4CfaBLQdTtpQ8D$dgEdyLAfe4xsUBZX4bhzyVapuN/Tx4XbHow4O8v62Hs=",
      "last_login": "2023-11-08T16:55:46.416Z",
      "is_superuser": false,
      "username": "vlad2000",
      "first_name": "",
      "last_name": "",
      "email": "",
      "is_staff": false,
      "is_active": true,
      "date_joined": "2023-11-08T16:55:46.082Z",
      "groups": [],
      "user_permissions": []
    }
  },
  {
    "model": "contenttypes.contenttype",
    "pk": 1,
    "fields": {
      "app_label": "admin",
      "model": "logentry"
    }
  },
  {
    "model": "contenttypes.contenttype",
    "pk": 2,
    "fields": {
      "app_label": "auth",
      "model": "permission"
    }
  },
  {
    "model": "contenttypes.contenttype",
    "pk": 3,
    "fields": {
      "app_label": "auth",
      "model": "group"
    }
  },
  {
    "model": "contenttypes.contenttype",
    "pk": 4,
    "fields": {
      "app_label": "auth",
      "model": "user"
    }
  },
  {
    "model": "contenttypes.contenttype",
    "pk": 5,
    "fields": {
      "app_label": "contenttypes",
      "model": "contenttype"
    }
  },
  {
    "model": "contenttypes.contenttype",
    "pk": 6,
    "fields": {
      "app_label": "sessions",
      "model": "session"
    }
  },
  {
    "model": "contenttypes.contenttype",
    "pk": 7,
    "fields": {
      "app_label": "list",
      "model": "listitem"
    }
  },
  {
    "model": "contenttypes.contenttype",
    "pk": 8,
    "fields": {
      "app_label": "list",
      "model": "list"
    }
  },
  {
    "model": "sessions.session",
    "pk": "0tl6w8q90m68tr8o1egq7e6zw3pr2zqg",
    "fields": {
      "session_data": "e30:1r0len:n2vo2IEYx2IkAkQo6xYrhGP6kY947iJu_n9VZtkt0HM",
      "expire_date": "2023-11-22T16:43:57.629Z"
    }
  },
  {
    "model": "sessions.session",
    "pk": "i8zwahcl0wcxr3kx9l33468iaqjdzmyv",
    "fields": {
      "session_data": ".eJxVjEEOwiAQRe_C2hCgQAeX7j0DGZipVA0kpV0Z765NutDtf-_9l4i4rSVunZc4kzgLLU6_W8L84LoDumO9NZlbXZc5yV2RB-3y2oifl8P9OyjYy7dWatSBkAGGidBM7HJCsjYNFtmxBTRhBB0UWOMyECWtQyZP3gPS4MX7A_XRODo:1r0vKh:i3MO68QPKE_otkZbV_SlKaDwEXsSOwtDOFSL9UTDD78",
      "expire_date": "2023-11-23T03:03:51.253Z"
    }
  },
  {
    "model": "sessions.session",
    "pk": "t35uq6v0wyophe8ya0iq2a2doouixlhw",
    "fields": {
      "session_data": ".eJxVjEEOwiAQRe_C2hCgQAeX7j0DGZipVA0kpV0Z765NutDtf-_9l4i4rSVunZc4kzgLLU6_W8L84LoDumO9NZlbXZc5yV2RB-3y2oifl8P9OyjYy7dWatSBkAGGidBM7HJCsjYNFtmxBTRhBB0UWOMyECWtQyZP3gPS4MX7A_XRODo:1r35Cv:a9uxrhJYvboILpyjjw1sC6869PQU94RY4ZlTMCEoH7E",
      "expire_date": "2023-11-29T02:00:45.253Z"
    }
  },
  {
    "model": "sessions.session",
    "pk": "u0iv0nr0ys5yaytfh0nlx2rfg0uwnbmg",
    "fields": {
      "session_data": ".eJxVjEEOwiAQRe_C2hCgQAeX7j0DGZipVA0kpV0Z765NutDtf-_9l4i4rSVunZc4kzgLLU6_W8L84LoDumO9NZlbXZc5yV2RB-3y2oifl8P9OyjYy7dWatSBkAGGidBM7HJCsjYNFtmxBTRhBB0UWOMyECWtQyZP3gPS4MX7A_XRODo:1r3H3p:QVidJfRKAzK2KxTdickP8ZGDz5Rq3MvQGNpy_QbkGms",
      "expire_date": "2023-11-29T14:40:09.772Z"
    }
  },
  {
    "model": "sessions.session",
    "pk": "znqz5mmv5msgwgvk7erfg8f08qo0gz35",
    "fields": {
      "session_data": "e30:1r0lcw:MH5mPcfE-7PMBrmTlCUsXpUqtCVI_rhusXf6OmhlyNs",
      "expire_date": "2023-11-22T16:42:02.430Z"
    }
  },
  {
    "model": "list.list",
    "pk": 1,
    "fields": {
      "slug": "37_list",
      "created": "2023-11-08"
    }
  },
  {
    "model": "list.list",
    "pk": 2,
    "fields": {
      "slug": "38_list",
      "created": "2023-11-08"
    }
  },
  {
    "model": "list.list",
    "pk": 3,
    "fields": {
      "slug": "39_list",
      "created": "2023-11-08"
    }
  },
  {
    "model": "list.list",
    "pk": 4,
    "fields": {
      "slug": "1_list",
      "created": "2023-11-09"
    }
  },
  {
    "model": "list.list",
    "pk": 5,
    "fields": {
      "slug": "89_list",
      "created": "2023-11-10"
    }
  },
  {
    "model": "list.list",
    "pk": 6,
    "fields": {
      "slug": "40_list",
      "created": "2023-11-10"
    }
  },
  {
    "model": "list.list",
    "pk": 7,
    "fields": {
      "slug": "some_slug",
      "created": "2023-11-10"
    }
  },
  {
    "model": "list.listitem",
    "pk": 1,
    "fields": {
      "content": "wef",
      "list": 1
    }
  },
  {
    "model": "list.listitem",
    "pk": 2,
    "fields": {
      "content": "we",
      "list": 1
    }
  },
  {
    "model": "list.listitem",
    "pk": 3,
    "fields": {
      "content": "wfew",
      "list": 1
    }
  },
  {
    "model": "list.listitem",
    "pk": 4,
    "fields": {
      "content": "hi",
      "list": 2
    }
  },
  {
    "model": "list.listitem",
    "pk": 5,
    "fields": {
      "content": "g",
      "list": 3
    }
  },
  {
    "model": "list.listitem",
    "pk": 6,
    "fields": {
      "content": "er",
      "list": 3
    }
  },
  {
    "model": "list.listitem",
    "pk": 7,
    "fields": {
      "content": "wf",
      "list": 3
    }
  },
  {
    "model": "list.listitem",
    "pk": 8,
    "fields": {
      "content": "qwd",
      "list": 3
    }
  },
  {
    "model": "list.listitem",
    "pk": 9,
    "fields": {
      "content": "qF",
      "list": 3
    }
  },
  {
    "model": "list.listitem",
    "pk": 10,
    "fields": {
      "content": "QF",
      "list": 3
    }
  },
  {
    "model": "list.listitem",
    "pk": 11,
    "fields": {
      "content": "QWF",
      "list": 3
    }
  },
  {
    "model": "list.listitem",
    "pk": 12,
    "fields": {
      "content": "fwefwe",
      "list": 4
    }
  },
  {
    "model": "list.listitem",
    "pk": 13,
    "fields": {
      "content": "wef",
      "list": 4
    }
  },
  {
    "model": "list.listitem",
    "pk": 14,
    "fields": {
      "content": "wefw",
      "list": 4
    }
  },
  {
    "model": "list.listitem",
    "pk": 15,
    "fields": {
      "content": "wefwef",
      "list": 3
    }
  },
  {
    "model": "list.listitem",
    "pk": 16,
    "fields": {
      "content": "wfe",
      "list": 3
    }
  },
  {
    "model": "list.listitem",
    "pk": 17,
    "fields": {
      "content": "wf",
      "list": 3
    }
  },
  {
    "model": "list.listitem",
    "pk": 18,
    "fields": {
      "content": "wefwe",
      "list": 3
    }
  },
  {
    "model": "list.listitem",
    "pk": 19,
    "fields": {
      "content": "wefwef",
      "list": 3
    }
  },
  {
    "model": "list.listitem",
    "pk": 20,
    "fields": {
      "content": "wefwef",
      "list": 3
    }
  },
  {
    "model": "list.listitem",
    "pk": 21,
    "fields": {
      "content": "wef",
      "list": 3
    }
  },
  {
    "model": "list.listitem",
    "pk": 22,
    "fields": {
      "content": "wq",
      "list": 3
    }
  },
  {
    "model": "list.listitem",
    "pk": 23,
    "fields": {
      "content": "wef",
      "list": 3
    }
  },
  {
    "model": "list.listitem",
    "pk": 24,
    "fields": {
      "content": "wf",
      "list": 3
    }
  },
  {
    "model": "list.listitem",
    "pk": 25,
    "fields": {
      "content": "we",
      "list": 3
    }
  },
  {
    "model": "list.listitem",
    "pk": 26,
    "fields": {
      "content": "wqqf",
      "list": 3
    }
  },
  {
    "model": "list.listitem",
    "pk": 27,
    "fields": {
      "content": "wef",
      "list": 3
    }
  },
  {
    "model": "list.listitem",
    "pk": 28,
    "fields": {
      "content": "qwf",
      "list": 5
    }
  },
  {
    "model": "list.listitem",
    "pk": 29,
    "fields": {
      "content": "qwf",
      "list": 5
    }
  },
  {
    "model": "list.listitem",
    "pk": 30,
    "fields": {
      "content": "qwf",
      "list": 5
    }
  },
  {
    "model": "list.listitem",
    "pk": 31,
    "fields": {
      "content": "we",
      "list": 5
    }
  },
  {
    "model": "list.listitem",
    "pk": 32,
    "fields": {
      "content": "wef",
      "list": 5
    }
  },
  {
    "model": "list.listitem",
    "pk": 33,
    "fields": {
      "content": "we",
      "list": 5
    }
  },
  {
    "model": "list.listitem",
    "pk": 34,
    "fields": {
      "content": "qwd",
      "list": 3
    }
  },
  {
    "model": "list.listitem",
    "pk": 35,
    "fields": {
      "content": "we",
      "list": 3
    }
  },
  {
    "model": "list.listitem",
    "pk": 36,
    "fields": {
      "content": "wef",
      "list": 3
    }
  },
  {
    "model": "list.listitem",
    "pk": 37,
    "fields": {
      "content": "wef",
      "list": 3
    }
  },
  {
    "model": "list.listitem",
    "pk": 38,
    "fields": {
      "content": "wef",
      "list": 3
    }
  },
  {
    "model": "list.listitem",
    "pk": 39,
    "fields": {
      "content": "wef",
      "list": 3
    }
  },
  {
    "model": "list.listitem",
    "pk": 40,
    "fields": {
      "content": "wef",
      "list": 6
    }
  },
  {
    "model": "list.listitem",
    "pk": 41,
    "fields": {
      "content": "wef",
      "list": 6
    }
  },
  {
    "model": "list.listitem",
    "pk": 42,
    "fields": {
      "content": "wef",
      "list": 6
    }
  },
  {
    "model": "list.listitem",
    "pk": 43,
    "fields": {
      "content": "wef",
      "list": 6
    }
  },
  {
    "model": "list.listitem",
    "pk": 44,
    "fields": {
      "content": "hi",
      "list": 7
    }
  },
  {
    "model": "list.listitem",
    "pk": 45,
    "fields": {
      "content": "def",
      "list": 4
    }
  },
  {
    "model": "list.listitem",
    "pk": 46,
    "fields": {
      "content": "wfe",
      "list": 4
    }
  }
]